Alternative,Score,Rank
1,0.6499628344943941,3
2,0.4262417904905737,8
3,0.5427842399677811,4
4,0.41683856027282307,10
5,0.8026908559525242,2
6,0.4708071844332004,5
7,0.45167260931175407,6
8,0.4193559238740866,9
9,0.8635283221743905,1
10,0.428326326922522,7
